{
    "adelaide": [-34.9212657726, 138.577492474],
    "belfast": [54.600091000000006, -5.93041],
    "berlin": [52.5190044482, 13.4029136992],
    "bordeaux": [44.8412042216, -0.5750541222],
    "brisbane": [-27.4579920361, 153.0225825521],
    "canberra": [-35.2766620388, 149.1253683622],
    "detroit": [42.33135, -83.04648],
    "dublin": [53.3496878045, -6.2565613870000005],
    "grenoble": [45.18872, 5.72443],
    "helsinki": [60.173256181300005, 24.9408571473],
    "kuopio": [62.8944693649, 27.6807300896],
    "lisbon": [38.7095615614, -9.1419982897],
    "luxembourg": [49.6111456782, 6.132857678200001],
    "melbourne": [-37.81461, 144.96069],
    "nantes": [47.2133200528, -1.5516419489],
    "palermo": [38.1185512471, 13.3597816096],
    "paris": [48.8619266629, 2.3519030802],
    "prague": [50.0845538796, 14.4310746059],
    "rennes": [48.11728, -1.67791],
    "toulouse": [43.6021045168, 1.4428450287],
    "rome": [41.8962589762, 12.4853168076],
    "venice": [45.43901, 12.32498],
    "turku": [60.4491278151, 22.2671054796],
    "sydney": [-33.87151, 151.20712],
    "winnipeg": [49.881858226000006, -97.135217402]
}